user_loc,fr_loc,scaled_sci,region
AU,AE,11931,Oceania
AU,AG,3514,Oceania
AU,AL,2268,Oceania
AU,AM,1277,Oceania
AU,AO,291,Oceania
AU,AR,1624,Oceania
AU,AT,5680,Oceania
AU,AU,1780129,Oceania
AU,AW,2719,Oceania
AU,AZ,443,Oceania
AU,BA,7830,Oceania
AU,BB,4314,Oceania
AU,BD,1765,Oceania
AU,BE,4143,Oceania
AU,BF,210,Oceania
AU,BG,1578,Oceania
AU,BH,6822,Oceania
AU,BI,4547,Oceania
AU,BJ,380,Oceania
AU,BN,11472,Oceania
AU,BO,337,Oceania
AU,BR,1749,Oceania
AU,BS,3131,Oceania
AU,BT,47252,Oceania
AU,BW,3484,Oceania
AU,BY,1051,Oceania
AU,BZ,1245,Oceania
AU,CA,15832,Oceania
AU,CD,868,Oceania
AU,CF,1119,Oceania
AU,CG,465,Oceania
AU,CH,10447,Oceania
AU,CI,298,Oceania
AU,CL,2907,Oceania
AU,CM,556,Oceania
AU,CO,2728,Oceania
AU,CR,1216,Oceania
AU,CV,714,Oceania
AU,CW,2561,Oceania
AU,CY,15743,Oceania
AU,CZ,2560,Oceania
AU,DE,5747,Oceania
AU,DJ,1577,Oceania
AU,DK,7728,Oceania
AU,DO,466,Oceania
AU,DZ,234,Oceania
AU,EC,531,Oceania
AU,EE,11743,Oceania
AU,EG,1061,Oceania
AU,ES,3120,Oceania
AU,ET,3032,Oceania
AU,FI,6137,Oceania
AU,FJ,116638,Oceania
AU,FM,3687,Oceania
AU,FR,3684,Oceania
AU,GA,364,Oceania
AU,GB,27247,Oceania
AU,GD,2718,Oceania
AU,GE,605,Oceania
AU,GF,897,Oceania
AU,GH,2045,Oceania
AU,GM,2967,Oceania
AU,GN,1253,Oceania
AU,GP,1541,Oceania
AU,GQ,582,Oceania
AU,GR,10798,Oceania
AU,GT,301,Oceania
AU,GU,7620,Oceania
AU,GW,242,Oceania
AU,GY,989,Oceania
AU,HK,21965,Oceania
AU,HN,285,Oceania
AU,HR,7071,Oceania
AU,HT,316,Oceania
AU,HU,2571,Oceania
AU,ID,1580,Oceania
AU,IE,50323,Oceania
AU,IM,28000,Oceania
AU,IN,2661,Oceania
AU,IS,8133,Oceania
AU,IT,5875,Oceania
AU,JE,41540,Oceania
AU,JM,1718,Oceania
AU,JO,2469,Oceania
AU,JP,4713,Oceania
AU,KE,4726,Oceania
AU,KG,379,Oceania
AU,KH,4751,Oceania
AU,KI,42671,Oceania
AU,KM,199,Oceania
AU,KR,4343,Oceania
AU,KW,5002,Oceania
AU,KY,31267,Oceania
AU,KZ,429,Oceania
AU,LA,3265,Oceania
AU,LB,25219,Oceania
AU,LC,2274,Oceania
AU,LK,24725,Oceania
AU,LR,9270,Oceania
AU,LS,265,Oceania
AU,LT,2191,Oceania
AU,LU,6495,Oceania
AU,LV,2382,Oceania
AU,LY,348,Oceania
AU,MA,479,Oceania
AU,MD,465,Oceania
AU,ME,6157,Oceania
AU,MG,330,Oceania
AU,MK,25484,Oceania
AU,ML,277,Oceania
AU,MM,1933,Oceania
AU,MN,6609,Oceania
AU,MO,15510,Oceania
AU,MQ,1208,Oceania
AU,MR,245,Oceania
AU,MT,42147,Oceania
AU,MU,24360,Oceania
AU,MV,9402,Oceania
AU,MW,1608,Oceania
AU,MX,483,Oceania
AU,MY,13754,Oceania
AU,MZ,521,Oceania
AU,,2742,Oceania
AU,NC,13699,Oceania
AU,NE,287,Oceania
AU,NG,1399,Oceania
AU,NI,342,Oceania
AU,NL,8011,Oceania
AU,NO,8424,Oceania
AU,NP,25772,Oceania
AU,NZ,209359,Oceania
AU,OM,4356,Oceania
AU,PA,925,Oceania
AU,PE,880,Oceania
AU,PF,7249,Oceania
AU,PG,25860,Oceania
AU,PH,7257,Oceania
AU,PK,2435,Oceania
AU,PL,1523,Oceania
AU,PR,1085,Oceania
AU,PT,4518,Oceania
AU,PY,563,Oceania
AU,QA,9406,Oceania
AU,RE,2275,Oceania
AU,RO,1473,Oceania
AU,RS,6394,Oceania
AU,RW,2330,Oceania
AU,SA,2493,Oceania
AU,SB,55722,Oceania
AU,SC,25956,Oceania
AU,SE,9471,Oceania
AU,SG,35503,Oceania
AU,SI,5203,Oceania
AU,SK,2187,Oceania
AU,SL,7835,Oceania
AU,SN,393,Oceania
AU,SR,950,Oceania
AU,ST,396,Oceania
AU,SV,842,Oceania
AU,SZ,1104,Oceania
AU,TD,537,Oceania
AU,TG,567,Oceania
AU,TH,3810,Oceania
AU,TJ,456,Oceania
AU,TL,29900,Oceania
AU,TN,586,Oceania
AU,TO,381475,Oceania
AU,TR,1218,Oceania
AU,TT,2489,Oceania
AU,TW,5936,Oceania
AU,TZ,1211,Oceania
AU,UA,628,Oceania
AU,UG,4002,Oceania
AU,US,6142,Oceania
AU,UY,2541,Oceania
AU,UZ,412,Oceania
AU,VC,2251,Oceania
AU,VN,3032,Oceania
AU,VU,104880,Oceania
AU,WS,190020,Oceania
AU,XK,1865,Oceania
AU,YT,477,Oceania
AU,ZA,4001,Oceania
AU,ZM,2290,Oceania
AU,ZW,13012,Oceania
FJ,AE,4257,Oceania
FJ,AG,9244,Oceania
FJ,AL,663,Oceania
FJ,AM,148,Oceania
FJ,AO,1493,Oceania
FJ,AR,211,Oceania
FJ,AT,713,Oceania
FJ,AU,116638,Oceania
FJ,AW,4963,Oceania
FJ,AZ,183,Oceania
FJ,BA,231,Oceania
FJ,BB,7650,Oceania
FJ,BD,2043,Oceania
FJ,BE,546,Oceania
FJ,BF,637,Oceania
FJ,BG,239,Oceania
FJ,BH,3258,Oceania
FJ,BI,1094,Oceania
FJ,BJ,20756,Oceania
FJ,BN,1681,Oceania
FJ,BO,205,Oceania
FJ,BR,328,Oceania
FJ,BS,6651,Oceania
FJ,BT,1095,Oceania
FJ,BW,1406,Oceania
FJ,BY,334,Oceania
FJ,BZ,13136,Oceania
FJ,CA,10501,Oceania
FJ,CD,996,Oceania
FJ,CF,3916,Oceania
FJ,CG,1128,Oceania
FJ,CH,2354,Oceania
FJ,CI,861,Oceania
FJ,CL,218,Oceania
FJ,CM,1017,Oceania
FJ,CO,283,Oceania
FJ,CR,452,Oceania
FJ,CV,1289,Oceania
FJ,CW,5555,Oceania
FJ,CY,6718,Oceania
FJ,CZ,169,Oceania
FJ,DE,699,Oceania
FJ,DJ,1805,Oceania
FJ,DK,889,Oceania
FJ,DO,888,Oceania
FJ,DZ,330,Oceania
FJ,EC,263,Oceania
FJ,EE,312,Oceania
FJ,EG,549,Oceania
FJ,ES,356,Oceania
FJ,ET,633,Oceania
FJ,FI,661,Oceania
FJ,FJ,105177413,Oceania
FJ,FM,242695,Oceania
FJ,FR,1478,Oceania
FJ,GA,1044,Oceania
FJ,GB,13387,Oceania
FJ,GD,8630,Oceania
FJ,GE,321,Oceania
FJ,GF,5236,Oceania
FJ,GH,2272,Oceania
FJ,GM,2040,Oceania
FJ,GN,635,Oceania
FJ,GP,2888,Oceania
FJ,GQ,799,Oceania
FJ,GR,406,Oceania
FJ,GT,238,Oceania
FJ,GU,27294,Oceania
FJ,GW,1450,Oceania
FJ,GY,205391,Oceania
FJ,HK,1386,Oceania
FJ,HN,400,Oceania
FJ,HR,255,Oceania
FJ,HT,1358,Oceania
FJ,HU,224,Oceania
FJ,ID,1160,Oceania
FJ,IE,1578,Oceania
FJ,IM,1549,Oceania
FJ,IN,1444,Oceania
FJ,IS,520,Oceania
FJ,IT,453,Oceania
FJ,JE,1125,Oceania
FJ,JM,5863,Oceania
FJ,JO,467,Oceania
FJ,JP,2613,Oceania
FJ,KE,1768,Oceania
FJ,KG,185,Oceania
FJ,KH,570,Oceania
FJ,KI,4071395,Oceania
FJ,KM,43050,Oceania
FJ,KR,1743,Oceania
FJ,KW,3033,Oceania
FJ,KY,4475,Oceania
FJ,KZ,272,Oceania
FJ,LA,242,Oceania
FJ,LB,911,Oceania
FJ,LC,6983,Oceania
FJ,LK,8585,Oceania
FJ,LR,3618,Oceania
FJ,LS,636,Oceania
FJ,LT,163,Oceania
FJ,LU,1390,Oceania
FJ,LV,558,Oceania
FJ,LY,206,Oceania
FJ,MA,538,Oceania
FJ,MD,225,Oceania
FJ,ME,341,Oceania
FJ,MG,3408,Oceania
FJ,MK,335,Oceania
FJ,ML,1109,Oceania
FJ,MM,277,Oceania
FJ,MN,961,Oceania
FJ,MO,902,Oceania
FJ,MQ,1118,Oceania
FJ,MR,423,Oceania
FJ,MT,1108,Oceania
FJ,MU,92096,Oceania
FJ,MV,3589,Oceania
FJ,MW,2211,Oceania
FJ,MX,203,Oceania
FJ,MY,1095,Oceania
FJ,MZ,1821,Oceania
FJ,,1712,Oceania
FJ,NC,66598,Oceania
FJ,NE,966,Oceania
FJ,NG,2499,Oceania
FJ,NI,505,Oceania
FJ,NL,1194,Oceania
FJ,NO,792,Oceania
FJ,NP,785,Oceania
FJ,NZ,550191,Oceania
FJ,OM,2723,Oceania
FJ,PA,679,Oceania
FJ,PE,235,Oceania
FJ,PF,44247,Oceania
FJ,PG,504324,Oceania
FJ,PH,1669,Oceania
FJ,PK,1517,Oceania
FJ,PL,111,Oceania
FJ,PR,364,Oceania
FJ,PT,411,Oceania
FJ,PY,507,Oceania
FJ,QA,4100,Oceania
FJ,RE,10028,Oceania
FJ,RO,456,Oceania
FJ,RS,306,Oceania
FJ,RW,1374,Oceania
FJ,SA,1751,Oceania
FJ,SB,1166231,Oceania
FJ,SC,22368,Oceania
FJ,SE,805,Oceania
FJ,SG,2247,Oceania
FJ,SI,349,Oceania
FJ,SK,162,Oceania
FJ,SL,3473,Oceania
FJ,SN,1003,Oceania
FJ,SR,159563,Oceania
FJ,ST,966,Oceania
FJ,SV,243,Oceania
FJ,SZ,1027,Oceania
FJ,TD,546,Oceania
FJ,TG,1555,Oceania
FJ,TH,183,Oceania
FJ,TJ,355,Oceania
FJ,TL,8933,Oceania
FJ,TN,626,Oceania
FJ,TO,2413502,Oceania
FJ,TR,161,Oceania
FJ,TT,44760,Oceania
FJ,TW,547,Oceania
FJ,TZ,1439,Oceania
FJ,UA,185,Oceania
FJ,UG,2079,Oceania
FJ,US,5227,Oceania
FJ,UY,285,Oceania
FJ,UZ,183,Oceania
FJ,VC,21406,Oceania
FJ,VN,183,Oceania
FJ,VU,1171658,Oceania
FJ,WS,906168,Oceania
FJ,XK,286,Oceania
FJ,YT,111535,Oceania
FJ,ZA,1540,Oceania
FJ,ZM,2404,Oceania
FJ,ZW,1353,Oceania
FM,AE,3269,Oceania
FM,AG,3267,Oceania
FM,AL,113,Oceania
FM,AM,319,Oceania
FM,AO,386,Oceania
FM,AR,97,Oceania
FM,AT,469,Oceania
FM,AU,3687,Oceania
FM,AW,1956,Oceania
FM,AZ,132,Oceania
FM,BA,1224,Oceania
FM,BB,2527,Oceania
FM,BD,528,Oceania
FM,BE,525,Oceania
FM,BF,276,Oceania
FM,BG,255,Oceania
FM,BH,4834,Oceania
FM,BI,520,Oceania
FM,BJ,4539,Oceania
FM,BN,2181,Oceania
FM,BO,142,Oceania
FM,BR,133,Oceania
FM,BS,3305,Oceania
FM,BT,443,Oceania
FM,BW,434,Oceania
FM,BY,209,Oceania
FM,BZ,130223,Oceania
FM,CA,1680,Oceania
FM,CD,535,Oceania
FM,CF,321,Oceania
FM,CG,503,Oceania
FM,CH,761,Oceania
FM,CI,770,Oceania
FM,CL,97,Oceania
FM,CM,924,Oceania
FM,CO,164,Oceania
FM,CR,304,Oceania
FM,CV,959,Oceania
FM,CW,1144,Oceania
FM,CY,874,Oceania
FM,CZ,99,Oceania
FM,DE,764,Oceania
FM,DJ,496,Oceania
FM,DK,234,Oceania
FM,DO,1260,Oceania
FM,DZ,407,Oceania
FM,EC,345,Oceania
FM,EE,121,Oceania
FM,EG,185,Oceania
FM,ES,210,Oceania
FM,ET,647,Oceania
FM,FI,213,Oceania
FM,FJ,242695,Oceania
FM,FM,584673303,Oceania
FM,FR,146,Oceania
FM,GA,1243,Oceania
FM,GB,455,Oceania
FM,GD,9733,Oceania
FM,GE,90,Oceania
FM,GF,35284,Oceania
FM,GH,947,Oceania
FM,GM,1736,Oceania
FM,GN,341,Oceania
FM,GP,550,Oceania
FM,GQ,408,Oceania
FM,GR,164,Oceania
FM,GT,309,Oceania
FM,GU,31805085,Oceania
FM,GW,468,Oceania
FM,GY,155479,Oceania
FM,HK,1962,Oceania
FM,HN,309,Oceania
FM,HR,193,Oceania
FM,HT,1410,Oceania
FM,HU,98,Oceania
FM,ID,808,Oceania
FM,IE,568,Oceania
FM,IM,1030,Oceania
FM,IN,410,Oceania
FM,IS,505,Oceania
FM,IT,388,Oceania
FM,JE,618,Oceania
FM,JM,6116,Oceania
FM,JO,219,Oceania
FM,JP,3198,Oceania
FM,KE,875,Oceania
FM,KG,133,Oceania
FM,KH,289,Oceania
FM,KI,536651,Oceania
FM,KM,404,Oceania
FM,KR,1504,Oceania
FM,KW,3661,Oceania
FM,KY,20287,Oceania
FM,KZ,150,Oceania
FM,LA,212,Oceania
FM,LB,294,Oceania
FM,LC,6805,Oceania
FM,LK,1854,Oceania
FM,LR,1728,Oceania
FM,LS,225,Oceania
FM,LT,152,Oceania
FM,LU,233,Oceania
FM,LV,113,Oceania
FM,LY,132,Oceania
FM,MA,885,Oceania
FM,MD,143,Oceania
FM,ME,365,Oceania
FM,MG,307,Oceania
FM,MK,103,Oceania
FM,ML,325,Oceania
FM,MM,533,Oceania
FM,MN,253,Oceania
FM,MO,3624,Oceania
FM,MQ,1078,Oceania
FM,MR,427,Oceania
FM,MT,1319,Oceania
FM,MU,2608,Oceania
FM,MV,1590,Oceania
FM,MW,549,Oceania
FM,MX,178,Oceania
FM,MY,392,Oceania
FM,MZ,485,Oceania
FM,,562,Oceania
FM,NC,4633,Oceania
FM,NE,355,Oceania
FM,NG,3589,Oceania
FM,NI,305,Oceania
FM,NL,374,Oceania
FM,NO,366,Oceania
FM,NP,705,Oceania
FM,NZ,11364,Oceania
FM,OM,1477,Oceania
FM,PA,357,Oceania
FM,PE,145,Oceania
FM,PF,7964,Oceania
FM,PG,29548,Oceania
FM,PH,11142,Oceania
FM,PK,823,Oceania
FM,PL,75,Oceania
FM,PR,813,Oceania
FM,PT,126,Oceania
FM,PY,199,Oceania
FM,QA,4011,Oceania
FM,RE,477,Oceania
FM,RO,139,Oceania
FM,RS,113,Oceania
FM,RW,518,Oceania
FM,SA,1952,Oceania
FM,SB,106184,Oceania
FM,SC,2570,Oceania
FM,SE,188,Oceania
FM,SG,2515,Oceania
FM,SI,146,Oceania
FM,SK,70,Oceania
FM,SL,1494,Oceania
FM,SN,360,Oceania
FM,SR,602079,Oceania
FM,ST,536,Oceania
FM,SV,462,Oceania
FM,SZ,423,Oceania
FM,TD,250,Oceania
FM,TG,823,Oceania
FM,TH,227,Oceania
FM,TJ,186,Oceania
FM,TL,2355,Oceania
FM,TN,767,Oceania
FM,TO,359872,Oceania
FM,TR,185,Oceania
FM,TT,20158,Oceania
FM,TW,1185,Oceania
FM,TZ,666,Oceania
FM,UA,104,Oceania
FM,UG,969,Oceania
FM,US,84128,Oceania
FM,UY,120,Oceania
FM,UZ,94,Oceania
FM,VC,5199,Oceania
FM,VN,499,Oceania
FM,VU,79608,Oceania
FM,WS,354052,Oceania
FM,XK,171,Oceania
FM,YT,533,Oceania
FM,ZA,244,Oceania
FM,ZM,818,Oceania
FM,ZW,302,Oceania
GU,AE,19749,Oceania
GU,AG,3868,Oceania
GU,AL,310,Oceania
GU,AM,259,Oceania
GU,AO,397,Oceania
GU,AR,283,Oceania
GU,AT,1275,Oceania
GU,AU,7620,Oceania
GU,AW,7233,Oceania
GU,AZ,199,Oceania
GU,BA,435,Oceania
GU,BB,3214,Oceania
GU,BD,852,Oceania
GU,BE,1388,Oceania
GU,BF,284,Oceania
GU,BG,553,Oceania
GU,BH,23380,Oceania
GU,BI,251,Oceania
GU,BJ,1394,Oceania
GU,BN,12152,Oceania
GU,BO,274,Oceania
GU,BR,289,Oceania
GU,BS,9240,Oceania
GU,BT,1394,Oceania
GU,BW,755,Oceania
GU,BY,412,Oceania
GU,BZ,20587,Oceania
GU,CA,10698,Oceania
GU,CD,473,Oceania
GU,CF,363,Oceania
GU,CG,585,Oceania
GU,CH,2027,Oceania
GU,CI,508,Oceania
GU,CL,349,Oceania
GU,CM,586,Oceania
GU,CO,323,Oceania
GU,CR,993,Oceania
GU,CV,641,Oceania
GU,CW,3165,Oceania
GU,CY,3124,Oceania
GU,CZ,434,Oceania
GU,DE,3206,Oceania
GU,DJ,7777,Oceania
GU,DK,1161,Oceania
GU,DO,1468,Oceania
GU,DZ,373,Oceania
GU,EC,314,Oceania
GU,EE,671,Oceania
GU,EG,299,Oceania
GU,ES,1570,Oceania
GU,ET,372,Oceania
GU,FI,1034,Oceania
GU,FJ,27294,Oceania
GU,FM,31805085,Oceania
GU,FR,760,Oceania
GU,GA,752,Oceania
GU,GB,3027,Oceania
GU,GD,19511,Oceania
GU,GE,339,Oceania
GU,GF,4210,Oceania
GU,GH,1582,Oceania
GU,GM,2147,Oceania
GU,GN,538,Oceania
GU,GP,525,Oceania
GU,GQ,1273,Oceania
GU,GR,1431,Oceania
GU,GT,304,Oceania
GU,GU,135887011,Oceania
GU,GW,389,Oceania
GU,GY,20473,Oceania
GU,HK,13002,Oceania
GU,HN,688,Oceania
GU,HR,760,Oceania
GU,HT,1764,Oceania
GU,HU,398,Oceania
GU,ID,359,Oceania
GU,IE,3080,Oceania
GU,IM,5911,Oceania
GU,IN,240,Oceania
GU,IS,3716,Oceania
GU,IT,2759,Oceania
GU,JE,2254,Oceania
GU,JM,13864,Oceania
GU,JO,1479,Oceania
GU,JP,19891,Oceania
GU,KE,633,Oceania
GU,KG,496,Oceania
GU,KH,566,Oceania
GU,KI,37103,Oceania
GU,KM,155,Oceania
GU,KR,13550,Oceania
GU,KW,12278,Oceania
GU,KY,29782,Oceania
GU,KZ,271,Oceania
GU,LA,469,Oceania
GU,LB,1070,Oceania
GU,LC,4178,Oceania
GU,LK,908,Oceania
GU,LR,1092,Oceania
GU,LS,152,Oceania
GU,LT,301,Oceania
GU,LU,1771,Oceania
GU,LV,364,Oceania
GU,LY,252,Oceania
GU,MA,923,Oceania
GU,MD,236,Oceania
GU,ME,533,Oceania
GU,MG,312,Oceania
GU,MK,476,Oceania
GU,ML,397,Oceania
GU,MM,207,Oceania
GU,MN,750,Oceania
GU,MO,29575,Oceania
GU,MQ,486,Oceania
GU,MR,393,Oceania
GU,MT,6689,Oceania
GU,MU,1493,Oceania
GU,MV,3793,Oceania
GU,MW,346,Oceania
GU,MX,460,Oceania
GU,MY,1418,Oceania
GU,MZ,429,Oceania
GU,,636,Oceania
GU,NC,5216,Oceania
GU,NE,409,Oceania
GU,NG,1741,Oceania
GU,NI,379,Oceania
GU,NL,1285,Oceania
GU,NO,2112,Oceania
GU,NP,344,Oceania
GU,NZ,16747,Oceania
GU,OM,5452,Oceania
GU,PA,1096,Oceania
GU,PE,348,Oceania
GU,PF,16735,Oceania
GU,PG,6179,Oceania
GU,PH,70302,Oceania
GU,PK,512,Oceania
GU,PL,289,Oceania
GU,PR,15173,Oceania
GU,PT,711,Oceania
GU,PY,296,Oceania
GU,QA,23128,Oceania
GU,RE,306,Oceania
GU,RO,419,Oceania
GU,RS,501,Oceania
GU,RW,413,Oceania
GU,SA,8019,Oceania
GU,SB,9813,Oceania
GU,SC,10347,Oceania
GU,SE,1191,Oceania
GU,SG,15738,Oceania
GU,SI,623,Oceania
GU,SK,306,Oceania
GU,SL,983,Oceania
GU,SN,1298,Oceania
GU,SR,111825,Oceania
GU,ST,589,Oceania
GU,SV,546,Oceania
GU,SZ,336,Oceania
GU,TD,353,Oceania
GU,TG,862,Oceania
GU,TH,954,Oceania
GU,TJ,215,Oceania
GU,TL,1144,Oceania
GU,TN,885,Oceania
GU,TO,148541,Oceania
GU,TR,272,Oceania
GU,TT,5233,Oceania
GU,TW,5721,Oceania
GU,TZ,517,Oceania
GU,UA,274,Oceania
GU,UG,861,Oceania
GU,US,75896,Oceania
GU,UY,404,Oceania
GU,UZ,358,Oceania
GU,VC,5730,Oceania
GU,VN,492,Oceania
GU,VU,8458,Oceania
GU,WS,114305,Oceania
GU,XK,659,Oceania
GU,YT,420,Oceania
GU,ZA,318,Oceania
GU,ZM,518,Oceania
GU,ZW,311,Oceania
KI,AE,1935,Oceania
KI,AG,1833,Oceania
KI,AL,172,Oceania
KI,AM,116,Oceania
KI,AO,2649,Oceania
KI,AR,244,Oceania
KI,AT,214,Oceania
KI,AU,42671,Oceania
KI,AW,490,Oceania
KI,AZ,147,Oceania
KI,BA,167,Oceania
KI,BB,1730,Oceania
KI,BD,2069,Oceania
KI,BE,124,Oceania
KI,BF,947,Oceania
KI,BG,172,Oceania
KI,BH,1008,Oceania
KI,BI,1319,Oceania
KI,BJ,18249,Oceania
KI,BN,689,Oceania
KI,BO,253,Oceania
KI,BR,364,Oceania
KI,BS,1530,Oceania
KI,BT,1091,Oceania
KI,BW,1305,Oceania
KI,BY,279,Oceania
KI,BZ,13206,Oceania
KI,CA,500,Oceania
KI,CD,1589,Oceania
KI,CF,1289,Oceania
KI,CG,2220,Oceania
KI,CH,1285,Oceania
KI,CI,1154,Oceania
KI,CL,203,Oceania
KI,CM,862,Oceania
KI,CO,299,Oceania
KI,CR,351,Oceania
KI,CV,3616,Oceania
KI,CW,12533,Oceania
KI,CY,2064,Oceania
KI,CZ,79,Oceania
KI,DE,705,Oceania
KI,DJ,742,Oceania
KI,DK,315,Oceania
KI,DO,992,Oceania
KI,DZ,580,Oceania
KI,EC,547,Oceania
KI,EE,83,Oceania
KI,EG,730,Oceania
KI,ES,414,Oceania
KI,ET,832,Oceania
KI,FI,148,Oceania
KI,FJ,4071395,Oceania
KI,FM,536651,Oceania
KI,FR,235,Oceania
KI,GA,718,Oceania
KI,GB,661,Oceania
KI,GD,4315,Oceania
KI,GE,336,Oceania
KI,GF,1132,Oceania
KI,GH,2313,Oceania
KI,GM,2683,Oceania
KI,GN,880,Oceania
KI,GP,460,Oceania
KI,GQ,647,Oceania
KI,GR,149,Oceania
KI,GT,237,Oceania
KI,GU,37103,Oceania
KI,GW,1247,Oceania
KI,GY,12467,Oceania
KI,HK,2007,Oceania
KI,HN,418,Oceania
KI,HR,162,Oceania
KI,HT,1470,Oceania
KI,HU,176,Oceania
KI,ID,941,Oceania
KI,IE,309,Oceania
KI,IM,258,Oceania
KI,IN,834,Oceania
KI,IS,418,Oceania
KI,IT,648,Oceania
KI,JE,433,Oceania
KI,JM,1957,Oceania
KI,JO,354,Oceania
KI,JP,7008,Oceania
KI,KE,1446,Oceania
KI,KG,138,Oceania
KI,KH,358,Oceania
KI,KI,771672520,Oceania
KI,KM,2891,Oceania
KI,KR,1938,Oceania
KI,KW,2417,Oceania
KI,KY,2678,Oceania
KI,KZ,117,Oceania
KI,LA,260,Oceania
KI,LB,259,Oceania
KI,LC,4433,Oceania
KI,LK,22355,Oceania
KI,LR,3469,Oceania
KI,LS,500,Oceania
KI,LT,120,Oceania
KI,LU,218,Oceania
KI,LV,145,Oceania
KI,LY,203,Oceania
KI,MA,1150,Oceania
KI,MD,81,Oceania
KI,ME,437,Oceania
KI,MG,1964,Oceania
KI,MK,1583,Oceania
KI,ML,1051,Oceania
KI,MM,274,Oceania
KI,MN,366,Oceania
KI,MO,795,Oceania
KI,MQ,250,Oceania
KI,MR,729,Oceania
KI,MT,903,Oceania
KI,MU,10141,Oceania
KI,MV,3007,Oceania
KI,MW,1212,Oceania
KI,MX,201,Oceania
KI,MY,677,Oceania
KI,MZ,2234,Oceania
KI,,946,Oceania
KI,NC,44268,Oceania
KI,NE,1196,Oceania
KI,NG,1629,Oceania
KI,NI,556,Oceania
KI,NL,287,Oceania
KI,NO,692,Oceania
KI,NP,392,Oceania
KI,NZ,462920,Oceania
KI,OM,1080,Oceania
KI,PA,1438,Oceania
KI,PE,371,Oceania
KI,PF,106099,Oceania
KI,PG,376073,Oceania
KI,PH,3522,Oceania
KI,PK,1429,Oceania
KI,PL,165,Oceania
KI,PR,150,Oceania
KI,PT,191,Oceania
KI,PY,488,Oceania
KI,QA,3695,Oceania
KI,RE,3220,Oceania
KI,RO,202,Oceania
KI,RS,243,Oceania
KI,RW,2299,Oceania
KI,SA,2053,Oceania
KI,SB,3450377,Oceania
KI,SC,8861,Oceania
KI,SE,509,Oceania
KI,SG,793,Oceania
KI,SI,311,Oceania
KI,SK,368,Oceania
KI,SL,3890,Oceania
KI,SN,1090,Oceania
KI,SR,6863,Oceania
KI,ST,3312,Oceania
KI,SV,321,Oceania
KI,SZ,2027,Oceania
KI,TD,1060,Oceania
KI,TG,3183,Oceania
KI,TH,164,Oceania
KI,TJ,238,Oceania
KI,TL,8610,Oceania
KI,TN,1006,Oceania
KI,TO,651376,Oceania
KI,TR,344,Oceania
KI,TT,4125,Oceania
KI,TW,1965,Oceania
KI,TZ,1992,Oceania
KI,UA,121,Oceania
KI,UG,2002,Oceania
KI,US,2625,Oceania
KI,UY,260,Oceania
KI,UZ,140,Oceania
KI,VC,4681,Oceania
KI,VN,237,Oceania
KI,VU,490963,Oceania
KI,WS,540652,Oceania
KI,XK,134,Oceania
KI,YT,4963,Oceania
KI,ZA,603,Oceania
KI,ZM,2550,Oceania
KI,ZW,868,Oceania
NC,AE,909,Oceania
NC,AG,921,Oceania
NC,AL,277,Oceania
NC,AM,188,Oceania
NC,AO,537,Oceania
NC,AR,383,Oceania
NC,AT,1151,Oceania
NC,AU,13699,Oceania
NC,AW,986,Oceania
NC,AZ,150,Oceania
NC,BA,472,Oceania
NC,BB,660,Oceania
NC,BD,75,Oceania
NC,BE,8629,Oceania
NC,BF,1706,Oceania
NC,BG,576,Oceania
NC,BH,436,Oceania
NC,BI,979,Oceania
NC,BJ,51553,Oceania
NC,BN,678,Oceania
NC,BO,220,Oceania
NC,BR,377,Oceania
NC,BS,789,Oceania
NC,BT,128,Oceania
NC,BW,250,Oceania
NC,BY,422,Oceania
NC,BZ,833,Oceania
NC,CA,5166,Oceania
NC,CD,1061,Oceania
NC,CF,1721,Oceania
NC,CG,2323,Oceania
NC,CH,10724,Oceania
NC,CI,2739,Oceania
NC,CL,721,Oceania
NC,CM,1784,Oceania
NC,CO,275,Oceania
NC,CR,765,Oceania
NC,CV,871,Oceania
NC,CW,655,Oceania
NC,CY,1239,Oceania
NC,CZ,930,Oceania
NC,DE,1199,Oceania
NC,DJ,6390,Oceania
NC,DK,858,Oceania
NC,DO,526,Oceania
NC,DZ,1108,Oceania
NC,EC,477,Oceania
NC,EE,689,Oceania
NC,EG,144,Oceania
NC,ES,2100,Oceania
NC,ET,184,Oceania
NC,FI,684,Oceania
NC,FJ,66598,Oceania
NC,FM,4633,Oceania
NC,FR,131380,Oceania
NC,GA,5819,Oceania
NC,GB,1211,Oceania
NC,GD,916,Oceania
NC,GE,477,Oceania
NC,GF,104261,Oceania
NC,GH,349,Oceania
NC,GM,721,Oceania
NC,GN,941,Oceania
NC,GP,87716,Oceania
NC,GQ,718,Oceania
NC,GR,945,Oceania
NC,GT,142,Oceania
NC,GU,5216,Oceania
NC,GW,633,Oceania
NC,GY,446,Oceania
NC,HK,1001,Oceania
NC,HN,137,Oceania
NC,HR,650,Oceania
NC,HT,1251,Oceania
NC,HU,648,Oceania
NC,ID,370,Oceania
NC,IE,1992,Oceania
NC,IM,740,Oceania
NC,IN,73,Oceania
NC,IS,1935,Oceania
NC,IT,1539,Oceania
NC,JE,1786,Oceania
NC,JM,1106,Oceania
NC,JO,181,Oceania
NC,JP,1221,Oceania
NC,KE,315,Oceania
NC,KG,339,Oceania
NC,KH,435,Oceania
NC,KI,44268,Oceania
NC,KM,3963,Oceania
NC,KR,465,Oceania
NC,KW,266,Oceania
NC,KY,2185,Oceania
NC,KZ,106,Oceania
NC,LA,356,Oceania
NC,LB,1039,Oceania
NC,LC,1327,Oceania
NC,LK,234,Oceania
NC,LR,540,Oceania
NC,LS,125,Oceania
NC,LT,670,Oceania
NC,LU,11846,Oceania
NC,LV,567,Oceania
NC,LY,110,Oceania
NC,MA,1271,Oceania
NC,MD,1369,Oceania
NC,ME,803,Oceania
NC,MG,5540,Oceania
NC,MK,354,Oceania
NC,ML,1840,Oceania
NC,MM,98,Oceania
NC,MN,246,Oceania
NC,MO,812,Oceania
NC,MQ,135810,Oceania
NC,MR,874,Oceania
NC,MT,4277,Oceania
NC,MU,16780,Oceania
NC,MV,2116,Oceania
NC,MW,165,Oceania
NC,MX,201,Oceania
NC,MY,275,Oceania
NC,MZ,282,Oceania
NC,,682,Oceania
NC,NC,135845627,Oceania
NC,NE,2412,Oceania
NC,NG,186,Oceania
NC,NI,201,Oceania
NC,NL,1262,Oceania
NC,NO,1144,Oceania
NC,NP,305,Oceania
NC,NZ,26219,Oceania
NC,OM,294,Oceania
NC,PA,517,Oceania
NC,PE,223,Oceania
NC,PF,2167547,Oceania
NC,PG,15293,Oceania
NC,PH,456,Oceania
NC,PK,124,Oceania
NC,PL,437,Oceania
NC,PR,494,Oceania
NC,PT,3649,Oceania
NC,PY,870,Oceania
NC,QA,571,Oceania
NC,RE,129368,Oceania
NC,RO,580,Oceania
NC,RS,662,Oceania
NC,RW,394,Oceania
NC,SA,214,Oceania
NC,SB,45283,Oceania
NC,SC,39097,Oceania
NC,SE,1013,Oceania
NC,SG,1645,Oceania
NC,SI,1062,Oceania
NC,SK,427,Oceania
NC,SL,433,Oceania
NC,SN,2643,Oceania
NC,SR,1264,Oceania
NC,ST,468,Oceania
NC,SV,152,Oceania
NC,SZ,201,Oceania
NC,TD,1113,Oceania
NC,TG,3218,Oceania
NC,TH,776,Oceania
NC,TJ,71,Oceania
NC,TL,515,Oceania
NC,TN,1651,Oceania
NC,TO,139634,Oceania
NC,TR,148,Oceania
NC,TT,720,Oceania
NC,TW,265,Oceania
NC,TZ,474,Oceania
NC,UA,262,Oceania
NC,UG,464,Oceania
NC,US,708,Oceania
NC,UY,434,Oceania
NC,UZ,80,Oceania
NC,VC,587,Oceania
NC,VN,970,Oceania
NC,VU,1795368,Oceania
NC,WS,46940,Oceania
NC,XK,229,Oceania
NC,YT,51306,Oceania
NC,ZA,241,Oceania
NC,ZM,255,Oceania
NC,ZW,199,Oceania
NZ,AE,14042,Oceania
NZ,AG,4324,Oceania
NZ,AL,946,Oceania
NZ,AM,381,Oceania
NZ,AO,235,Oceania
NZ,AR,2728,Oceania
NZ,AT,5253,Oceania
NZ,AU,209359,Oceania
NZ,AW,2300,Oceania
NZ,AZ,312,Oceania
NZ,BA,1185,Oceania
NZ,BB,5285,Oceania
NZ,BD,677,Oceania
NZ,BE,3845,Oceania
NZ,BF,149,Oceania
NZ,BG,1556,Oceania
NZ,BH,9057,Oceania
NZ,BI,644,Oceania
NZ,BJ,598,Oceania
NZ,BN,10951,Oceania
NZ,BO,356,Oceania
NZ,BR,1490,Oceania
NZ,BS,3192,Oceania
NZ,BT,2734,Oceania
NZ,BW,2437,Oceania
NZ,BY,851,Oceania
NZ,BZ,1297,Oceania
NZ,CA,17265,Oceania
NZ,CD,302,Oceania
NZ,CF,379,Oceania
NZ,CG,399,Oceania
NZ,CH,10438,Oceania
NZ,CI,194,Oceania
NZ,CL,4472,Oceania
NZ,CM,397,Oceania
NZ,CO,1209,Oceania
NZ,CR,1289,Oceania
NZ,CV,490,Oceania
NZ,CW,1939,Oceania
NZ,CY,5270,Oceania
NZ,CZ,4859,Oceania
NZ,DE,6012,Oceania
NZ,DJ,1148,Oceania
NZ,DK,7272,Oceania
NZ,DO,416,Oceania
NZ,DZ,221,Oceania
NZ,EC,561,Oceania
NZ,EE,5448,Oceania
NZ,EG,422,Oceania
NZ,ES,2615,Oceania
NZ,ET,1834,Oceania
NZ,FI,5123,Oceania
NZ,FJ,550191,Oceania
NZ,FM,11364,Oceania
NZ,FR,3676,Oceania
NZ,GA,319,Oceania
NZ,GB,32750,Oceania
NZ,GD,3167,Oceania
NZ,GE,588,Oceania
NZ,GF,816,Oceania
NZ,GH,1003,Oceania
NZ,GM,2278,Oceania
NZ,GN,173,Oceania
NZ,GP,1201,Oceania
NZ,GQ,524,Oceania
NZ,GR,2356,Oceania
NZ,GT,267,Oceania
NZ,GU,16747,Oceania
NZ,GW,292,Oceania
NZ,GY,1994,Oceania
NZ,HK,15287,Oceania
NZ,HN,230,Oceania
NZ,HR,4024,Oceania
NZ,HT,257,Oceania
NZ,HU,2247,Oceania
NZ,ID,760,Oceania
NZ,IE,37330,Oceania
NZ,IM,40956,Oceania
NZ,IN,3205,Oceania
NZ,IS,11439,Oceania
NZ,IT,2967,Oceania
NZ,JE,51063,Oceania
NZ,JM,1927,Oceania
NZ,JO,1442,Oceania
NZ,JP,5514,Oceania
NZ,KE,1285,Oceania
NZ,KG,319,Oceania
NZ,KH,5098,Oceania
NZ,KI,462920,Oceania
NZ,KM,123,Oceania
NZ,KR,5652,Oceania
NZ,KW,6493,Oceania
NZ,KY,44988,Oceania
NZ,KZ,584,Oceania
NZ,LA,2489,Oceania
NZ,LB,1917,Oceania
NZ,LC,3762,Oceania
NZ,LK,18213,Oceania
NZ,LR,708,Oceania
NZ,LS,244,Oceania
NZ,LT,1775,Oceania
NZ,LU,6294,Oceania
NZ,LV,3731,Oceania
NZ,LY,188,Oceania
NZ,MA,467,Oceania
NZ,MD,505,Oceania
NZ,ME,2517,Oceania
NZ,MG,250,Oceania
NZ,MK,5765,Oceania
NZ,ML,218,Oceania
NZ,MM,895,Oceania
NZ,MN,905,Oceania
NZ,MO,11614,Oceania
NZ,MQ,1181,Oceania
NZ,MR,124,Oceania
NZ,MT,12786,Oceania
NZ,MU,6488,Oceania
NZ,MV,9775,Oceania
NZ,MW,762,Oceania
NZ,MX,489,Oceania
NZ,MY,7148,Oceania
NZ,MZ,394,Oceania
NZ,,4503,Oceania
NZ,NC,26219,Oceania
NZ,NE,219,Oceania
NZ,NG,968,Oceania
NZ,NI,328,Oceania
NZ,NL,9282,Oceania
NZ,NO,6841,Oceania
NZ,NP,5774,Oceania
NZ,NZ,7606278,Oceania
NZ,OM,5634,Oceania
NZ,PA,895,Oceania
NZ,PE,604,Oceania
NZ,PF,37160,Oceania
NZ,PG,16554,Oceania
NZ,PH,12473,Oceania
NZ,PK,827,Oceania
NZ,PL,1050,Oceania
NZ,PR,863,Oceania
NZ,PT,2932,Oceania
NZ,PY,569,Oceania
NZ,QA,11944,Oceania
NZ,RE,1562,Oceania
NZ,RO,1318,Oceania
NZ,RS,2954,Oceania
NZ,RW,1194,Oceania
NZ,SA,3262,Oceania
NZ,SB,59600,Oceania
NZ,SC,13698,Oceania
NZ,SE,6896,Oceania
NZ,SG,23858,Oceania
NZ,SI,5191,Oceania
NZ,SK,1790,Oceania
NZ,SL,762,Oceania
NZ,SN,211,Oceania
NZ,SR,1859,Oceania
NZ,ST,223,Oceania
NZ,SV,225,Oceania
NZ,SZ,1100,Oceania
NZ,TD,138,Oceania
NZ,TG,395,Oceania
NZ,TH,2554,Oceania
NZ,TJ,404,Oceania
NZ,TL,4283,Oceania
NZ,TN,620,Oceania
NZ,TO,2632762,Oceania
NZ,TR,475,Oceania
NZ,TT,2562,Oceania
NZ,TW,3856,Oceania
NZ,TZ,695,Oceania
NZ,UA,583,Oceania
NZ,UG,1794,Oceania
NZ,US,6192,Oceania
NZ,UY,6201,Oceania
NZ,UZ,341,Oceania
NZ,VC,2755,Oceania
NZ,VN,1299,Oceania
NZ,VU,210889,Oceania
NZ,WS,1892480,Oceania
NZ,XK,1639,Oceania
NZ,YT,524,Oceania
NZ,ZA,10165,Oceania
NZ,ZM,1423,Oceania
NZ,ZW,9300,Oceania
PF,AE,1285,Oceania
PF,AG,7917,Oceania
PF,AL,255,Oceania
PF,AM,898,Oceania
PF,AO,281,Oceania
PF,AR,556,Oceania
PF,AT,1462,Oceania
PF,AU,7249,Oceania
PF,AW,2370,Oceania
PF,AZ,126,Oceania
PF,BA,295,Oceania
PF,BB,1241,Oceania
PF,BD,130,Oceania
PF,BE,8040,Oceania
PF,BF,1725,Oceania
PF,BG,648,Oceania
PF,BH,534,Oceania
PF,BI,574,Oceania
PF,BJ,84465,Oceania
PF,BN,447,Oceania
PF,BO,345,Oceania
PF,BR,521,Oceania
PF,BS,2120,Oceania
PF,BT,251,Oceania
PF,BW,181,Oceania
PF,BY,467,Oceania
PF,BZ,1247,Oceania
PF,CA,5537,Oceania
PF,CD,943,Oceania
PF,CF,1425,Oceania
PF,CG,1787,Oceania
PF,CH,12623,Oceania
PF,CI,2988,Oceania
PF,CL,4054,Oceania
PF,CM,1903,Oceania
PF,CO,391,Oceania
PF,CR,1074,Oceania
PF,CV,2208,Oceania
PF,CW,1241,Oceania
PF,CY,1310,Oceania
PF,CZ,737,Oceania
PF,DE,1352,Oceania
PF,DJ,5390,Oceania
PF,DK,2202,Oceania
PF,DO,612,Oceania
PF,DZ,2169,Oceania
PF,EC,480,Oceania
PF,EE,817,Oceania
PF,EG,193,Oceania
PF,ES,2588,Oceania
PF,ET,148,Oceania
PF,FI,999,Oceania
PF,FJ,44247,Oceania
PF,FM,7964,Oceania
PF,FR,116321,Oceania
PF,GA,7215,Oceania
PF,GB,1381,Oceania
PF,GD,4690,Oceania
PF,GE,288,Oceania
PF,GF,120273,Oceania
PF,GH,373,Oceania
PF,GM,689,Oceania
PF,GN,571,Oceania
PF,GP,85681,Oceania
PF,GQ,1394,Oceania
PF,GR,984,Oceania
PF,GT,220,Oceania
PF,GU,16735,Oceania
PF,GW,223,Oceania
PF,GY,980,Oceania
PF,HK,1919,Oceania
PF,HN,247,Oceania
PF,HR,1312,Oceania
PF,HT,1103,Oceania
PF,HU,663,Oceania
PF,ID,249,Oceania
PF,IE,1347,Oceania
PF,IM,1294,Oceania
PF,IN,81,Oceania
PF,IS,1735,Oceania
PF,IT,1996,Oceania
PF,JE,1792,Oceania
PF,JM,547,Oceania
PF,JO,138,Oceania
PF,JP,2163,Oceania
PF,KE,186,Oceania
PF,KG,74,Oceania
PF,KH,253,Oceania
PF,KI,106099,Oceania
PF,KM,1746,Oceania
PF,KR,605,Oceania
PF,KW,308,Oceania
PF,KY,2963,Oceania
PF,KZ,176,Oceania
PF,LA,211,Oceania
PF,LB,991,Oceania
PF,LC,2279,Oceania
PF,LK,347,Oceania
PF,LR,425,Oceania
PF,LS,290,Oceania
PF,LT,1025,Oceania
PF,LU,14923,Oceania
PF,LV,875,Oceania
PF,LY,110,Oceania
PF,MA,1474,Oceania
PF,MD,245,Oceania
PF,ME,924,Oceania
PF,MG,5807,Oceania
PF,MK,320,Oceania
PF,ML,1286,Oceania
PF,MM,95,Oceania
PF,MN,246,Oceania
PF,MO,1372,Oceania
PF,MQ,103856,Oceania
PF,MR,538,Oceania
PF,MT,4238,Oceania
PF,MU,30355,Oceania
PF,MV,4386,Oceania
PF,MW,97,Oceania
PF,MX,888,Oceania
PF,MY,456,Oceania
PF,MZ,280,Oceania
PF,,335,Oceania
PF,NC,2167547,Oceania
PF,NE,2713,Oceania
PF,NG,207,Oceania
PF,NI,371,Oceania
PF,NL,1458,Oceania
PF,NO,1479,Oceania
PF,NP,176,Oceania
PF,NZ,37160,Oceania
PF,OM,408,Oceania
PF,PA,1074,Oceania
PF,PE,438,Oceania
PF,PF,155790081,Oceania
PF,PG,6788,Oceania
PF,PH,526,Oceania
PF,PK,181,Oceania
PF,PL,545,Oceania
PF,PR,873,Oceania
PF,PT,2509,Oceania
PF,PY,399,Oceania
PF,QA,763,Oceania
PF,RE,111930,Oceania
PF,RO,656,Oceania
PF,RS,805,Oceania
PF,RW,198,Oceania
PF,SA,232,Oceania
PF,SB,15560,Oceania
PF,SC,9553,Oceania
PF,SE,1104,Oceania
PF,SG,1805,Oceania
PF,SI,1667,Oceania
PF,SK,865,Oceania
PF,SL,465,Oceania
PF,SN,1447,Oceania
PF,SR,1841,Oceania
PF,ST,490,Oceania
PF,SV,258,Oceania
PF,SZ,1063,Oceania
PF,TD,1098,Oceania
PF,TG,3152,Oceania
PF,TH,465,Oceania
PF,TJ,99,Oceania
PF,TL,1047,Oceania
PF,TN,1960,Oceania
PF,TO,73191,Oceania
PF,TR,186,Oceania
PF,TT,900,Oceania
PF,TW,564,Oceania
PF,TZ,267,Oceania
PF,UA,252,Oceania
PF,UG,281,Oceania
PF,US,2365,Oceania
PF,UY,728,Oceania
PF,UZ,94,Oceania
PF,VC,2056,Oceania
PF,VN,192,Oceania
PF,VU,92410,Oceania
PF,WS,59801,Oceania
PF,XK,176,Oceania
PF,YT,30495,Oceania
PF,ZA,369,Oceania
PF,ZM,217,Oceania
PF,ZW,166,Oceania
PG,AE,2393,Oceania
PG,AG,1367,Oceania
PG,AL,264,Oceania
PG,AM,221,Oceania
PG,AO,9110,Oceania
PG,AR,217,Oceania
PG,AT,329,Oceania
PG,AU,25860,Oceania
PG,AW,2389,Oceania
PG,AZ,295,Oceania
PG,BA,162,Oceania
PG,BB,1465,Oceania
PG,BD,3420,Oceania
PG,BE,219,Oceania
PG,BF,4328,Oceania
PG,BG,167,Oceania
PG,BH,2144,Oceania
PG,BI,20022,Oceania
PG,BJ,33815,Oceania
PG,BN,2691,Oceania
PG,BO,296,Oceania
PG,BR,367,Oceania
PG,BS,1644,Oceania
PG,BT,712,Oceania
PG,BW,5755,Oceania
PG,BY,269,Oceania
PG,BZ,935,Oceania
PG,CA,815,Oceania
PG,CD,4678,Oceania
PG,CF,2663,Oceania
PG,CG,4029,Oceania
PG,CH,591,Oceania
PG,CI,4521,Oceania
PG,CL,143,Oceania
PG,CM,3383,Oceania
PG,CO,372,Oceania
PG,CR,365,Oceania
PG,CV,1122,Oceania
PG,CW,3073,Oceania
PG,CY,1008,Oceania
PG,CZ,186,Oceania
PG,DE,325,Oceania
PG,DJ,1829,Oceania
PG,DK,206,Oceania
PG,DO,1145,Oceania
PG,DZ,422,Oceania
PG,EC,302,Oceania
PG,EE,132,Oceania
PG,EG,392,Oceania
PG,ES,189,Oceania
PG,ET,3431,Oceania
PG,FI,277,Oceania
PG,FJ,504324,Oceania
PG,FM,29548,Oceania
PG,FR,211,Oceania
PG,GA,3770,Oceania
PG,GB,612,Oceania
PG,GD,3102,Oceania
PG,GE,145,Oceania
PG,GF,1858,Oceania
PG,GH,15101,Oceania
PG,GM,3522,Oceania
PG,GN,3333,Oceania
PG,GP,535,Oceania
PG,GQ,2014,Oceania
PG,GR,193,Oceania
PG,GT,218,Oceania
PG,GU,6179,Oceania
PG,GW,3438,Oceania
PG,GY,3295,Oceania
PG,HK,1093,Oceania
PG,HN,397,Oceania
PG,HR,152,Oceania
PG,HT,3576,Oceania
PG,HU,148,Oceania
PG,ID,9890,Oceania
PG,IE,544,Oceania
PG,IM,517,Oceania
PG,IN,1349,Oceania
PG,IS,1234,Oceania
PG,IT,272,Oceania
PG,JE,733,Oceania
PG,JM,3056,Oceania
PG,JO,275,Oceania
PG,JP,455,Oceania
PG,KE,7297,Oceania
PG,KG,205,Oceania
PG,KH,457,Oceania
PG,KI,376073,Oceania
PG,KM,3382,Oceania
PG,KR,318,Oceania
PG,KW,1736,Oceania
PG,KY,3504,Oceania
PG,KZ,310,Oceania
PG,LA,609,Oceania
PG,LB,445,Oceania
PG,LC,2065,Oceania
PG,LK,2507,Oceania
PG,LR,18034,Oceania
PG,LS,1679,Oceania
PG,LT,128,Oceania
PG,LU,306,Oceania
PG,LV,168,Oceania
PG,LY,449,Oceania
PG,MA,629,Oceania
PG,MD,191,Oceania
PG,ME,208,Oceania
PG,MG,33912,Oceania
PG,MK,213,Oceania
PG,ML,3638,Oceania
PG,MM,928,Oceania
PG,MN,330,Oceania
PG,MO,1421,Oceania
PG,MQ,439,Oceania
PG,MR,1766,Oceania
PG,MT,775,Oceania
PG,MU,2752,Oceania
PG,MV,2608,Oceania
PG,MW,5031,Oceania
PG,MX,172,Oceania
PG,MY,3190,Oceania
PG,MZ,22061,Oceania
PG,,3290,Oceania
PG,NC,15293,Oceania
PG,NE,3954,Oceania
PG,NG,6783,Oceania
PG,NI,544,Oceania
PG,NL,550,Oceania
PG,NO,293,Oceania
PG,NP,1248,Oceania
PG,NZ,16554,Oceania
PG,OM,1943,Oceania
PG,PA,373,Oceania
PG,PE,223,Oceania
PG,PF,6788,Oceania
PG,PG,59749399,Oceania
PG,PH,5079,Oceania
PG,PK,1775,Oceania
PG,PL,208,Oceania
PG,PR,210,Oceania
PG,PT,266,Oceania
PG,PY,524,Oceania
PG,QA,2914,Oceania
PG,RE,686,Oceania
PG,RO,261,Oceania
PG,RS,178,Oceania
PG,RW,14858,Oceania
PG,SA,1663,Oceania
PG,SB,1426468,Oceania
PG,SC,3935,Oceania
PG,SE,231,Oceania
PG,SG,4550,Oceania
PG,SI,185,Oceania
PG,SK,124,Oceania
PG,SL,17179,Oceania
PG,SN,2331,Oceania
PG,SR,14556,Oceania
PG,ST,16031,Oceania
PG,SV,275,Oceania
PG,SZ,3062,Oceania
PG,TD,3161,Oceania
PG,TG,8546,Oceania
PG,TH,210,Oceania
PG,TJ,585,Oceania
PG,TL,10927,Oceania
PG,TN,430,Oceania
PG,TO,436029,Oceania
PG,TR,253,Oceania
PG,TT,3620,Oceania
PG,TW,472,Oceania
PG,TZ,7378,Oceania
PG,UA,296,Oceania
PG,UG,8306,Oceania
PG,US,848,Oceania
PG,UY,194,Oceania
PG,UZ,251,Oceania
PG,VC,2360,Oceania
PG,VN,333,Oceania
PG,VU,404475,Oceania
PG,WS,266346,Oceania
PG,XK,232,Oceania
PG,YT,2874,Oceania
PG,ZA,1706,Oceania
PG,ZM,7545,Oceania
PG,ZW,2830,Oceania
SB,AE,2038,Oceania
SB,AG,2786,Oceania
SB,AL,223,Oceania
SB,AM,243,Oceania
SB,AO,3526,Oceania
SB,AR,222,Oceania
SB,AT,240,Oceania
SB,AU,55722,Oceania
SB,AW,511,Oceania
SB,AZ,209,Oceania
SB,BA,399,Oceania
SB,BB,1403,Oceania
SB,BD,2450,Oceania
SB,BE,444,Oceania
SB,BF,1653,Oceania
SB,BG,162,Oceania
SB,BH,1662,Oceania
SB,BI,3591,Oceania
SB,BJ,14066,Oceania
SB,BN,4969,Oceania
SB,BO,353,Oceania
SB,BR,294,Oceania
SB,BS,1541,Oceania
SB,BT,635,Oceania
SB,BW,2719,Oceania
SB,BY,150,Oceania
SB,BZ,3643,Oceania
SB,CA,1267,Oceania
SB,CD,2259,Oceania
SB,CF,1902,Oceania
SB,CG,3264,Oceania
SB,CH,634,Oceania
SB,CI,2050,Oceania
SB,CL,183,Oceania
SB,CM,2035,Oceania
SB,CO,354,Oceania
SB,CR,341,Oceania
SB,CV,1406,Oceania
SB,CW,702,Oceania
SB,CY,838,Oceania
SB,CZ,128,Oceania
SB,DE,386,Oceania
SB,DJ,1196,Oceania
SB,DK,324,Oceania
SB,DO,1339,Oceania
SB,DZ,531,Oceania
SB,EC,332,Oceania
SB,EE,117,Oceania
SB,EG,380,Oceania
SB,ES,182,Oceania
SB,ET,2238,Oceania
SB,FI,593,Oceania
SB,FJ,1166231,Oceania
SB,FM,106184,Oceania
SB,FR,330,Oceania
SB,GA,2728,Oceania
SB,GB,939,Oceania
SB,GD,4400,Oceania
SB,GE,192,Oceania
SB,GF,1321,Oceania
SB,GH,5870,Oceania
SB,GM,3506,Oceania
SB,GN,1549,Oceania
SB,GP,727,Oceania
SB,GQ,1675,Oceania
SB,GR,236,Oceania
SB,GT,183,Oceania
SB,GU,9813,Oceania
SB,GW,1607,Oceania
SB,GY,10848,Oceania
SB,HK,1317,Oceania
SB,HN,368,Oceania
SB,HR,680,Oceania
SB,HT,2372,Oceania
SB,HU,102,Oceania
SB,ID,5085,Oceania
SB,IE,872,Oceania
SB,IM,45350,Oceania
SB,IN,779,Oceania
SB,IS,252,Oceania
SB,IT,266,Oceania
SB,JE,299,Oceania
SB,JM,3295,Oceania
SB,JO,339,Oceania
SB,JP,1163,Oceania
SB,KE,3537,Oceania
SB,KG,400,Oceania
SB,KH,450,Oceania
SB,KI,3450377,Oceania
SB,KM,79145,Oceania
SB,KR,510,Oceania
SB,KW,1624,Oceania
SB,KY,5183,Oceania
SB,KZ,277,Oceania
SB,LA,312,Oceania
SB,LB,298,Oceania
SB,LC,9213,Oceania
SB,LK,3989,Oceania
SB,LR,8704,Oceania
SB,LS,898,Oceania
SB,LT,101,Oceania
SB,LU,310,Oceania
SB,LV,162,Oceania
SB,LY,373,Oceania
SB,MA,715,Oceania
SB,MD,99,Oceania
SB,ME,200,Oceania
SB,MG,9659,Oceania
SB,MK,392,Oceania
SB,ML,1752,Oceania
SB,MM,523,Oceania
SB,MN,359,Oceania
SB,MO,5500,Oceania
SB,MQ,479,Oceania
SB,MR,940,Oceania
SB,MT,839,Oceania
SB,MU,153726,Oceania
SB,MV,4450,Oceania
SB,MW,2684,Oceania
SB,MX,160,Oceania
SB,MY,12650,Oceania
SB,MZ,8955,Oceania
SB,,1748,Oceania
SB,NC,45283,Oceania
SB,NE,1733,Oceania
SB,NG,3214,Oceania
SB,NI,593,Oceania
SB,NL,464,Oceania
SB,NO,385,Oceania
SB,NP,472,Oceania
SB,NZ,59600,Oceania
SB,OM,1354,Oceania
SB,PA,443,Oceania
SB,PE,199,Oceania
SB,PF,15560,Oceania
SB,PG,1426468,Oceania
SB,PH,4132,Oceania
SB,PK,1444,Oceania
SB,PL,103,Oceania
SB,PR,143,Oceania
SB,PT,283,Oceania
SB,PY,410,Oceania
SB,QA,2364,Oceania
SB,RE,18996,Oceania
SB,RO,214,Oceania
SB,RS,295,Oceania
SB,RW,4237,Oceania
SB,SA,1795,Oceania
SB,SB,290995332,Oceania
SB,SC,112934,Oceania
SB,SE,305,Oceania
SB,SG,3675,Oceania
SB,SI,362,Oceania
SB,SK,134,Oceania
SB,SL,8662,Oceania
SB,SN,1269,Oceania
SB,SR,7283,Oceania
SB,ST,5312,Oceania
SB,SV,194,Oceania
SB,SZ,2653,Oceania
SB,TD,1201,Oceania
SB,TG,3070,Oceania
SB,TH,188,Oceania
SB,TJ,472,Oceania
SB,TL,8802,Oceania
SB,TN,847,Oceania
SB,TO,270926,Oceania
SB,TR,224,Oceania
SB,TT,3463,Oceania
SB,TW,1465,Oceania
SB,TZ,3654,Oceania
SB,UA,186,Oceania
SB,UG,4212,Oceania
SB,US,618,Oceania
SB,UY,196,Oceania
SB,UZ,160,Oceania
SB,VC,6414,Oceania
SB,VN,330,Oceania
SB,VU,4670251,Oceania
SB,WS,231210,Oceania
SB,XK,281,Oceania
SB,YT,200381,Oceania
SB,ZA,1030,Oceania
SB,ZM,3382,Oceania
SB,ZW,1905,Oceania
TO,AE,1401,Oceania
TO,AG,5288,Oceania
TO,AL,379,Oceania
TO,AM,208,Oceania
TO,AO,942,Oceania
TO,AR,221,Oceania
TO,AT,789,Oceania
TO,AU,381475,Oceania
TO,AW,2533,Oceania
TO,AZ,224,Oceania
TO,BA,225,Oceania
TO,BB,1471,Oceania
TO,BD,922,Oceania
TO,BE,601,Oceania
TO,BF,458,Oceania
TO,BG,312,Oceania
TO,BH,988,Oceania
TO,BI,1113,Oceania
TO,BJ,4430,Oceania
TO,BN,1102,Oceania
TO,BO,256,Oceania
TO,BR,246,Oceania
TO,BS,2712,Oceania
TO,BT,902,Oceania
TO,BW,1953,Oceania
TO,BY,111,Oceania
TO,BZ,11488,Oceania
TO,CA,1735,Oceania
TO,CD,1229,Oceania
TO,CF,976,Oceania
TO,CG,1046,Oceania
TO,CH,1716,Oceania
TO,CI,819,Oceania
TO,CL,394,Oceania
TO,CM,1081,Oceania
TO,CO,295,Oceania
TO,CR,400,Oceania
TO,CV,3357,Oceania
TO,CW,2067,Oceania
TO,CY,942,Oceania
TO,CZ,1096,Oceania
TO,DE,975,Oceania
TO,DJ,1022,Oceania
TO,DK,1281,Oceania
TO,DO,1773,Oceania
TO,DZ,1241,Oceania
TO,EC,409,Oceania
TO,EE,143,Oceania
TO,EG,535,Oceania
TO,ES,440,Oceania
TO,ET,662,Oceania
TO,FI,344,Oceania
TO,FJ,2413502,Oceania
TO,FM,359872,Oceania
TO,FR,2381,Oceania
TO,GA,583,Oceania
TO,GB,3469,Oceania
TO,GD,5222,Oceania
TO,GE,451,Oceania
TO,GF,2313,Oceania
TO,GH,2848,Oceania
TO,GM,4314,Oceania
TO,GN,621,Oceania
TO,GP,352,Oceania
TO,GQ,849,Oceania
TO,GR,231,Oceania
TO,GT,379,Oceania
TO,GU,148541,Oceania
TO,GW,765,Oceania
TO,GY,41227,Oceania
TO,HK,802,Oceania
TO,HN,513,Oceania
TO,HR,652,Oceania
TO,HT,1193,Oceania
TO,HU,227,Oceania
TO,ID,760,Oceania
TO,IE,2153,Oceania
TO,IM,4603,Oceania
TO,IN,505,Oceania
TO,IS,1578,Oceania
TO,IT,500,Oceania
TO,JE,1239,Oceania
TO,JM,3209,Oceania
TO,JO,310,Oceania
TO,JP,8925,Oceania
TO,KE,1001,Oceania
TO,KG,170,Oceania
TO,KH,380,Oceania
TO,KI,651376,Oceania
TO,KM,2003,Oceania
TO,KR,531,Oceania
TO,KW,898,Oceania
TO,KY,4596,Oceania
TO,KZ,194,Oceania
TO,LA,389,Oceania
TO,LB,436,Oceania
TO,LC,3125,Oceania
TO,LK,2608,Oceania
TO,LR,4198,Oceania
TO,LS,657,Oceania
TO,LT,116,Oceania
TO,LU,380,Oceania
TO,LV,225,Oceania
TO,LY,282,Oceania
TO,MA,11283,Oceania
TO,MD,135,Oceania
TO,ME,387,Oceania
TO,MG,1106,Oceania
TO,MK,390,Oceania
TO,ML,590,Oceania
TO,MM,229,Oceania
TO,MN,517,Oceania
TO,MO,3297,Oceania
TO,MQ,350,Oceania
TO,MR,538,Oceania
TO,MT,1320,Oceania
TO,MU,6043,Oceania
TO,MV,1914,Oceania
TO,MW,2665,Oceania
TO,MX,244,Oceania
TO,MY,625,Oceania
TO,MZ,1067,Oceania
TO,,1588,Oceania
TO,NC,139634,Oceania
TO,NE,782,Oceania
TO,NG,4798,Oceania
TO,NI,421,Oceania
TO,NL,400,Oceania
TO,NO,636,Oceania
TO,NP,637,Oceania
TO,NZ,2632762,Oceania
TO,OM,936,Oceania
TO,PA,841,Oceania
TO,PE,332,Oceania
TO,PF,73191,Oceania
TO,PG,436029,Oceania
TO,PH,2118,Oceania
TO,PK,1346,Oceania
TO,PL,836,Oceania
TO,PR,386,Oceania
TO,PT,252,Oceania
TO,PY,461,Oceania
TO,QA,1737,Oceania
TO,RE,575,Oceania
TO,RO,1810,Oceania
TO,RS,212,Oceania
TO,RW,993,Oceania
TO,SA,801,Oceania
TO,SB,270926,Oceania
TO,SC,10664,Oceania
TO,SE,1540,Oceania
TO,SG,1237,Oceania
TO,SI,165,Oceania
TO,SK,440,Oceania
TO,SL,5370,Oceania
TO,SN,842,Oceania
TO,SR,40642,Oceania
TO,ST,1350,Oceania
TO,SV,493,Oceania
TO,SZ,1255,Oceania
TO,TD,427,Oceania
TO,TG,2270,Oceania
TO,TH,261,Oceania
TO,TJ,463,Oceania
TO,TL,45243,Oceania
TO,TN,2454,Oceania
TO,TO,694741188,Oceania
TO,TR,269,Oceania
TO,TT,5379,Oceania
TO,TW,489,Oceania
TO,TZ,997,Oceania
TO,UA,159,Oceania
TO,UG,2884,Oceania
TO,US,25754,Oceania
TO,UY,513,Oceania
TO,UZ,188,Oceania
TO,VC,2926,Oceania
TO,VN,157,Oceania
TO,VU,616523,Oceania
TO,WS,16309441,Oceania
TO,XK,392,Oceania
TO,YT,2299,Oceania
TO,ZA,713,Oceania
TO,ZM,3795,Oceania
TO,ZW,2745,Oceania
VU,AE,1045,Oceania
VU,AG,3942,Oceania
VU,AL,167,Oceania
VU,AM,167,Oceania
VU,AO,1795,Oceania
VU,AR,100,Oceania
VU,AT,651,Oceania
VU,AU,104880,Oceania
VU,AW,1514,Oceania
VU,AZ,109,Oceania
VU,BA,99,Oceania
VU,BB,2824,Oceania
VU,BD,626,Oceania
VU,BE,661,Oceania
VU,BF,763,Oceania
VU,BG,330,Oceania
VU,BH,884,Oceania
VU,BI,1555,Oceania
VU,BJ,16093,Oceania
VU,BN,782,Oceania
VU,BO,332,Oceania
VU,BR,188,Oceania
VU,BS,1275,Oceania
VU,BT,695,Oceania
VU,BW,1303,Oceania
VU,BY,141,Oceania
VU,BZ,1565,Oceania
VU,CA,1125,Oceania
VU,CD,1369,Oceania
VU,CF,1101,Oceania
VU,CG,1550,Oceania
VU,CH,2092,Oceania
VU,CI,1216,Oceania
VU,CL,139,Oceania
VU,CM,1042,Oceania
VU,CO,154,Oceania
VU,CR,227,Oceania
VU,CV,702,Oceania
VU,CW,638,Oceania
VU,CY,2042,Oceania
VU,CZ,377,Oceania
VU,DE,400,Oceania
VU,DJ,702,Oceania
VU,DK,468,Oceania
VU,DO,522,Oceania
VU,DZ,248,Oceania
VU,EC,186,Oceania
VU,EE,913,Oceania
VU,EG,170,Oceania
VU,ES,297,Oceania
VU,ET,1015,Oceania
VU,FI,456,Oceania
VU,FJ,1171658,Oceania
VU,FM,79608,Oceania
VU,FR,2805,Oceania
VU,GA,1019,Oceania
VU,GB,1012,Oceania
VU,GD,3203,Oceania
VU,GE,416,Oceania
VU,GF,2811,Oceania
VU,GH,2758,Oceania
VU,GM,1506,Oceania
VU,GN,689,Oceania
VU,GP,1494,Oceania
VU,GQ,1400,Oceania
VU,GR,255,Oceania
VU,GT,145,Oceania
VU,GU,8458,Oceania
VU,GW,1099,Oceania
VU,GY,4981,Oceania
VU,HK,1004,Oceania
VU,HN,171,Oceania
VU,HR,166,Oceania
VU,HT,1544,Oceania
VU,HU,337,Oceania
VU,ID,1840,Oceania
VU,IE,1153,Oceania
VU,IM,1410,Oceania
VU,IN,329,Oceania
VU,IS,906,Oceania
VU,IT,308,Oceania
VU,JE,792,Oceania
VU,JM,2176,Oceania
VU,JO,232,Oceania
VU,JP,870,Oceania
VU,KE,1916,Oceania
VU,KG,131,Oceania
VU,KH,223,Oceania
VU,KI,490963,Oceania
VU,KM,8101,Oceania
VU,KR,701,Oceania
VU,KW,818,Oceania
VU,KY,8157,Oceania
VU,KZ,138,Oceania
VU,LA,258,Oceania
VU,LB,284,Oceania
VU,LC,31110,Oceania
VU,LK,1152,Oceania
VU,LR,3646,Oceania
VU,LS,494,Oceania
VU,LT,1233,Oceania
VU,LU,1555,Oceania
VU,LV,172,Oceania
VU,LY,170,Oceania
VU,MA,352,Oceania
VU,MD,72,Oceania
VU,ME,243,Oceania
VU,MG,2033,Oceania
VU,MK,178,Oceania
VU,ML,1349,Oceania
VU,MM,113,Oceania
VU,MN,552,Oceania
VU,MO,1559,Oceania
VU,MQ,1359,Oceania
VU,MR,579,Oceania
VU,MT,1388,Oceania
VU,MU,11923,Oceania
VU,MV,2435,Oceania
VU,MW,1220,Oceania
VU,MX,92,Oceania
VU,MY,493,Oceania
VU,MZ,2302,Oceania
VU,,915,Oceania
VU,NC,1795368,Oceania
VU,NE,1016,Oceania
VU,NG,1679,Oceania
VU,NI,259,Oceania
VU,NL,680,Oceania
VU,NO,1005,Oceania
VU,NP,480,Oceania
VU,NZ,210889,Oceania
VU,OM,646,Oceania
VU,PA,289,Oceania
VU,PE,119,Oceania
VU,PF,92410,Oceania
VU,PG,404475,Oceania
VU,PH,2245,Oceania
VU,PK,547,Oceania
VU,PL,87,Oceania
VU,PR,175,Oceania
VU,PT,412,Oceania
VU,PY,134,Oceania
VU,QA,1236,Oceania
VU,RE,3044,Oceania
VU,RO,139,Oceania
VU,RS,587,Oceania
VU,RW,2271,Oceania
VU,SA,725,Oceania
VU,SB,4670251,Oceania
VU,SC,13876,Oceania
VU,SE,352,Oceania
VU,SG,1058,Oceania
VU,SI,412,Oceania
VU,SK,111,Oceania
VU,SL,4079,Oceania
VU,SN,810,Oceania
VU,SR,3158,Oceania
VU,ST,1779,Oceania
VU,SV,135,Oceania
VU,SZ,992,Oceania
VU,TD,749,Oceania
VU,TG,1890,Oceania
VU,TH,230,Oceania
VU,TJ,218,Oceania
VU,TL,6819,Oceania
VU,TN,334,Oceania
VU,TO,616523,Oceania
VU,TR,136,Oceania
VU,TT,2257,Oceania
VU,TW,276,Oceania
VU,TZ,1730,Oceania
VU,UA,95,Oceania
VU,UG,2200,Oceania
VU,US,908,Oceania
VU,UY,138,Oceania
VU,UZ,107,Oceania
VU,VC,2838,Oceania
VU,VN,254,Oceania
VU,VU,299322870,Oceania
VU,WS,476664,Oceania
VU,XK,108,Oceania
VU,YT,22435,Oceania
VU,ZA,605,Oceania
VU,ZM,2054,Oceania
VU,ZW,1008,Oceania
WS,AE,1496,Oceania
WS,AG,3001,Oceania
WS,AL,216,Oceania
WS,AM,85,Oceania
WS,AO,889,Oceania
WS,AR,184,Oceania
WS,AT,381,Oceania
WS,AU,190020,Oceania
WS,AW,914,Oceania
WS,AZ,148,Oceania
WS,BA,188,Oceania
WS,BB,1750,Oceania
WS,BD,718,Oceania
WS,BE,560,Oceania
WS,BF,463,Oceania
WS,BG,201,Oceania
WS,BH,980,Oceania
WS,BI,692,Oceania
WS,BJ,2535,Oceania
WS,BN,2915,Oceania
WS,BO,187,Oceania
WS,BR,240,Oceania
WS,BS,1978,Oceania
WS,BT,1030,Oceania
WS,BW,726,Oceania
WS,BY,118,Oceania
WS,BZ,19376,Oceania
WS,CA,1043,Oceania
WS,CD,917,Oceania
WS,CF,875,Oceania
WS,CG,837,Oceania
WS,CH,1313,Oceania
WS,CI,645,Oceania
WS,CL,202,Oceania
WS,CM,1242,Oceania
WS,CO,285,Oceania
WS,CR,293,Oceania
WS,CV,2895,Oceania
WS,CW,709,Oceania
WS,CY,637,Oceania
WS,CZ,242,Oceania
WS,DE,602,Oceania
WS,DJ,815,Oceania
WS,DK,645,Oceania
WS,DO,1623,Oceania
WS,DZ,1025,Oceania
WS,EC,306,Oceania
WS,EE,115,Oceania
WS,EG,331,Oceania
WS,ES,330,Oceania
WS,ET,551,Oceania
WS,FI,251,Oceania
WS,FJ,906168,Oceania
WS,FM,354052,Oceania
WS,FR,537,Oceania
WS,GA,635,Oceania
WS,GB,1098,Oceania
WS,GD,5127,Oceania
WS,GE,133,Oceania
WS,GF,4069,Oceania
WS,GH,2258,Oceania
WS,GM,2192,Oceania
WS,GN,571,Oceania
WS,GP,294,Oceania
WS,GQ,893,Oceania
WS,GR,211,Oceania
WS,GT,242,Oceania
WS,GU,114305,Oceania
WS,GW,848,Oceania
WS,GY,58821,Oceania
WS,HK,1396,Oceania
WS,HN,413,Oceania
WS,HR,1273,Oceania
WS,HT,1181,Oceania
WS,HU,164,Oceania
WS,ID,604,Oceania
WS,IE,860,Oceania
WS,IM,1280,Oceania
WS,IN,409,Oceania
WS,IS,436,Oceania
WS,IT,758,Oceania
WS,JE,1131,Oceania
WS,JM,3180,Oceania
WS,JO,212,Oceania
WS,JP,1464,Oceania
WS,KE,898,Oceania
WS,KG,151,Oceania
WS,KH,274,Oceania
WS,KI,540652,Oceania
WS,KM,1515,Oceania
WS,KR,421,Oceania
WS,KW,890,Oceania
WS,KY,6281,Oceania
WS,KZ,140,Oceania
WS,LA,339,Oceania
WS,LB,411,Oceania
WS,LC,4131,Oceania
WS,LK,3767,Oceania
WS,LR,4326,Oceania
WS,LS,400,Oceania
WS,LT,107,Oceania
WS,LU,554,Oceania
WS,LV,123,Oceania
WS,LY,224,Oceania
WS,MA,6836,Oceania
WS,MD,92,Oceania
WS,ME,1602,Oceania
WS,MG,1180,Oceania
WS,MK,318,Oceania
WS,ML,668,Oceania
WS,MM,128,Oceania
WS,MN,604,Oceania
WS,MO,912,Oceania
WS,MQ,269,Oceania
WS,MR,634,Oceania
WS,MT,487,Oceania
WS,MU,7138,Oceania
WS,MV,2376,Oceania
WS,MW,1151,Oceania
WS,MX,176,Oceania
WS,MY,487,Oceania
WS,MZ,1137,Oceania
WS,,989,Oceania
WS,NC,46940,Oceania
WS,NE,559,Oceania
WS,NG,3327,Oceania
WS,NI,474,Oceania
WS,NL,352,Oceania
WS,NO,592,Oceania
WS,NP,562,Oceania
WS,NZ,1892480,Oceania
WS,OM,957,Oceania
WS,PA,607,Oceania
WS,PE,205,Oceania
WS,PF,59801,Oceania
WS,PG,266346,Oceania
WS,PH,1813,Oceania
WS,PK,1368,Oceania
WS,PL,70,Oceania
WS,PR,375,Oceania
WS,PT,221,Oceania
WS,PY,581,Oceania
WS,QA,1548,Oceania
WS,RE,568,Oceania
WS,RO,267,Oceania
WS,RS,316,Oceania
WS,RW,1133,Oceania
WS,SA,695,Oceania
WS,SB,231210,Oceania
WS,SC,7458,Oceania
WS,SE,477,Oceania
WS,SG,966,Oceania
WS,SI,146,Oceania
WS,SK,115,Oceania
WS,SL,3726,Oceania
WS,SN,485,Oceania
WS,SR,59030,Oceania
WS,ST,1134,Oceania
WS,SV,375,Oceania
WS,SZ,650,Oceania
WS,TD,395,Oceania
WS,TG,1625,Oceania
WS,TH,121,Oceania
WS,TJ,420,Oceania
WS,TL,12235,Oceania
WS,TN,3121,Oceania
WS,TO,16309441,Oceania
WS,TR,178,Oceania
WS,TT,5127,Oceania
WS,TW,348,Oceania
WS,TZ,888,Oceania
WS,UA,127,Oceania
WS,UG,1738,Oceania
WS,US,8651,Oceania
WS,UY,212,Oceania
WS,UZ,170,Oceania
WS,VC,3191,Oceania
WS,VN,282,Oceania
WS,VU,476664,Oceania
WS,WS,243247667,Oceania
WS,XK,171,Oceania
WS,YT,2598,Oceania
WS,ZA,571,Oceania
WS,ZM,1441,Oceania
WS,ZW,1138,Oceania
